strike,call,put,call_settle,put_settle,vol,call_delta,put_delta,gamma,vega,theta,straddle,call_oi,put_oi,call_volume,put_volume,dens_call,dens_put,dens_total
70.0,23.46,0.0,22.42,0.02,89.28,1.0,0.0,0.0,0.00019,-0.001,23.46,,,,,,,
72.5,20.96,0.0,19.93,0.03,83.14,1.0,0.0,0.0,0.00033,-0.002,20.96,,,,,,,
75.0,18.46,0.0,17.44,0.04,75.65,1.0,0.0,0.001,0.00052,-0.003,18.46,,,,,,,
77.5,15.96,0.01,14.97,0.06,69.23,1.0,0.0,0.002,0.00093,-0.005,15.97,,,,,,,
78.0,15.46,0.01,14.48,0.07,68.73,1.0,0.0,0.002,0.00113,-0.007,15.47,,,,,,,
78.5,14.96,0.01,13.99,0.08,68.0,1.0,0.0,0.002,0.00135,-0.008,14.97,,,,,,,
79.0,14.46,0.01,13.5,0.09,67.1,1.0,-0.01,0.003,0.00157,-0.01,14.47,,,,,,,
79.5,13.96,0.02,13.01,0.11,67.21,1.0,-0.01,0.003,0.002,-0.013,13.98,,,,,,,
80.0,13.46,0.02,12.53,0.12,65.95,1.0,-0.01,0.004,0.00225,-0.014,13.48,,,,,,,
80.5,12.96,0.02,12.05,0.14,65.54,1.0,-0.01,0.005,0.00271,-0.017,12.98,,,,,,,
81.0,12.46,0.03,11.57,0.16,64.88,1.0,-0.01,0.006,0.00319,-0.021,12.49,,,,,,,
81.5,11.96,0.04,11.09,0.19,64.78,1.0,-0.02,0.007,0.00388,-0.026,12.0,,,,,,,
82.0,11.46,0.05,10.62,0.22,64.37,1.0,-0.02,0.008,0.0046,-0.031,11.51,,,,,,,
82.5,10.96,0.06,10.16,0.25,63.71,1.0,-0.02,0.009,0.00534,-0.037,11.02,,,,,,,
83.0,10.46,0.07,9.7,0.29,63.41,0.94,-0.03,0.011,0.0063,-0.044,10.53,,,,,,,
83.3,10.23,0.08,9.47,0.31,63.15,0.94,-0.03,0.012,0.00678,-0.048,10.3,,,,,,,
83.5,9.99,0.08,9.24,0.33,62.82,0.94,-0.03,0.013,0.00728,-0.051,10.07,,,,,,,
83.8,9.76,0.1,9.01,0.36,62.94,0.94,-0.04,0.014,0.00796,-0.057,9.85,,,,,,,
84.0,9.52,0.1,8.79,0.38,62.48,0.94,-0.04,0.015,0.00846,-0.061,9.62,,,,,,,
84.3,9.29,0.12,8.57,0.41,62.43,0.94,-0.05,0.017,0.00915,-0.067,9.4,,,,,,,
84.5,9.05,0.13,8.34,0.44,62.3,0.93,-0.05,0.018,0.00984,-0.072,9.18,,,,,,,
84.8,8.82,0.14,8.12,0.47,62.1,0.93,-0.06,0.019,0.01053,-0.078,8.96,,,,,,,
85.0,8.59,0.15,7.9,0.5,61.83,0.93,-0.06,0.02,0.01122,-0.084,8.74,,,,,,,
85.3,8.35,0.17,7.69,0.53,61.49,0.92,-0.06,0.022,0.01192,-0.089,8.52,,,,,,,
85.5,8.13,0.19,7.47,0.57,61.46,0.92,-0.07,0.023,0.01278,-0.096,8.31,,,,,,,
85.8,7.89,0.2,7.26,0.6,61.0,0.91,-0.08,0.025,0.01348,-0.102,8.09,,,,,,,
86.0,7.66,0.22,7.05,0.64,60.83,0.91,-0.08,0.027,0.01433,-0.109,7.88,,,,,,,
86.3,7.44,0.24,6.84,0.68,60.58,0.9,-0.09,0.028,0.01518,-0.116,7.68,,,,,,,
86.5,7.21,0.26,6.63,0.72,60.27,0.9,-0.1,0.03,0.01603,-0.123,7.47,,,,,,,
86.8,6.99,0.29,6.43,0.77,60.2,0.89,-0.1,0.032,0.01701,-0.131,7.28,,,,,,,
87.0,6.77,0.32,6.23,0.82,60.06,0.88,-0.11,0.034,0.01798,-0.14,7.08,,,,,,,
87.3,6.55,0.34,6.03,0.87,59.84,0.87,-0.12,0.036,0.01893,-0.148,6.89,,,,,,,
87.5,6.33,0.37,5.83,0.92,59.55,0.87,-0.13,0.038,0.01987,-0.156,6.7,,,,,,,
87.8,6.11,0.41,5.64,0.98,59.47,0.86,-0.14,0.04,0.02091,-0.165,6.52,,,,,,,
88.0,5.9,0.45,5.45,1.04,59.32,0.85,-0.15,0.042,0.02193,-0.174,6.34,,,,,,,
88.3,5.69,0.48,5.26,1.1,59.09,0.84,-0.16,0.044,0.02293,-0.182,6.17,,,,,,,
88.5,5.48,0.52,5.07,1.16,58.78,0.83,-0.17,0.046,0.02391,-0.19,6.0,,,,,,,
88.8,5.27,0.57,4.89,1.23,58.66,0.82,-0.18,0.048,0.02495,-0.2,5.84,2,0,,,0.096,0,0.096
89.0,5.07,0.61,4.71,1.3,58.46,0.8,-0.19,0.05,0.02595,-0.208,5.68,1,1,,,0.05,0.05,0.1
89.3,4.87,0.66,4.53,1.37,58.19,0.79,-0.21,0.052,0.02693,-0.216,5.52,2,1,,,0.104,0.052,0.156
89.5,4.66,0.71,4.35,1.44,57.84,0.78,-0.22,0.054,0.02787,-0.224,5.37,3,1,,,0.162,0.054,0.216
89.8,4.47,0.76,4.18,1.52,57.66,0.76,-0.23,0.056,0.02885,-0.232,5.23,12,2,,,0.672,0.112,0.784
90.0,4.29,0.83,4.02,1.61,57.64,0.75,-0.25,0.058,0.02983,-0.241,5.11,16,58,,,0.928,3.364,4.292
90.3,4.09,0.89,3.85,1.69,57.3,0.74,-0.26,0.06,0.03071,-0.248,4.98,0,0,,,0,0,0
90.5,3.92,0.96,3.7,1.79,57.34,0.72,-0.28,0.062,0.03163,-0.257,4.88,0,1,,,0,0.062,0.062
90.8,3.74,1.03,3.54,1.88,57.07,0.7,-0.29,0.064,0.03245,-0.264,4.76,1,86,,,0.064,5.504,5.568
91.0,3.56,1.1,3.39,1.98,56.95,0.69,-0.31,0.066,0.03325,-0.27,4.67,1,2,,,0.066,0.132,0.198
91.3,3.4,1.19,3.25,2.09,56.97,0.67,-0.33,0.067,0.034,-0.278,4.59,3,0,,,0.201,0,0.201
91.5,3.23,1.27,3.1,2.19,56.69,0.65,-0.34,0.069,0.03467,-0.283,4.5,0,1,,,0,0.069,0.069
91.8,3.07,1.36,2.96,2.3,56.55,0.64,-0.36,0.07,0.03529,-0.288,4.43,3,0,,,0.21,0,0.21
92.0,2.9,1.44,2.81,2.4,56.11,0.62,-0.38,0.072,0.03583,-0.29,4.34,4,6,,,0.288,0.432,0.72
92.3,2.74,1.53,2.67,2.51,55.8,0.6,-0.4,0.073,0.03631,-0.293,4.27,1,0,,,0.073,0,0.073
92.5,2.59,1.63,2.53,2.62,55.42,0.58,-0.42,0.075,0.03671,-0.295,4.21,0,79,,,0,5.925,5.925
92.8,2.43,1.72,2.39,2.73,54.95,0.57,-0.43,0.076,0.03704,-0.296,4.15,1,7,,,0.076,0.532,0.608
93.0,2.29,1.83,2.27,2.86,54.82,0.55,-0.45,0.077,0.0373,-0.297,4.12,0,0,,,0,0,0
93.3,2.16,1.95,2.15,2.99,54.62,0.53,-0.47,0.077,0.03746,-0.298,4.1,0,3,,,0,0.231,0.231
93.5,2.03,2.07,2.04,3.13,54.54,0.51,-0.49,0.078,0.03755,-0.298,4.1,0,2,,,0,0.156,0.156
93.8,1.91,2.2,1.94,3.28,54.6,0.49,-0.51,0.077,0.03754,-0.298,4.11,0,3,,,0,0.231,0.231
94.0,1.8,2.34,1.84,3.43,54.58,0.47,-0.53,0.077,0.03744,-0.297,4.13,1,2,,,0.077,0.154,0.23099999999999998
94.3,1.69,2.48,1.75,3.59,54.7,0.45,-0.55,0.077,0.03726,-0.296,4.17,0,0,,,0,0,0
94.5,1.59,2.63,1.66,3.75,54.74,0.43,-0.57,0.076,0.03699,-0.294,4.22,2,2,,,0.152,0.152,0.304
94.8,1.49,2.78,1.57,3.91,54.69,0.41,-0.59,0.076,0.03665,-0.29,4.26,0,1,,,0,0.076,0.076
95.0,1.39,2.93,1.48,4.07,54.57,0.39,-0.61,0.075,0.03621,-0.285,4.31,9,150,,,0.675,11.25,11.925
95.3,1.3,3.09,1.4,4.24,54.59,0.38,-0.62,0.074,0.03571,-0.281,4.38,1,0,,,0.074,0,0.074
95.5,1.21,3.25,1.32,4.41,54.54,0.36,-0.64,0.073,0.03513,-0.275,4.46,2,1,,,0.146,0.073,0.21899999999999997
95.8,1.12,3.41,1.24,4.58,54.4,0.34,-0.66,0.071,0.03447,-0.268,4.53,5,1,,,0.355,0.071,0.426
96.0,1.04,3.58,1.17,4.76,54.42,0.32,-0.68,0.07,0.03376,-0.262,4.63,5,4,,,0.35,0.28,0.63
96.3,0.97,3.76,1.1,4.94,54.37,0.31,-0.69,0.068,0.03298,-0.255,4.73,4,1,,,0.272,0.068,0.34
96.5,0.9,3.93,1.03,5.12,54.23,0.29,-0.71,0.067,0.03213,-0.246,4.83,,,,,,,
96.8,0.83,4.12,0.97,5.3,54.27,0.27,-0.73,0.065,0.03127,-0.239,4.95,,,,,,,
97.0,0.77,4.31,0.91,5.49,54.23,0.26,-0.74,0.063,0.03034,-0.23,5.07,,,,,,,
97.3,0.71,4.49,0.85,5.69,54.11,0.24,-0.76,0.061,0.02936,-0.221,5.2,,,,,,,
97.5,0.65,4.69,0.8,5.88,54.2,0.23,-0.77,0.059,0.02839,-0.213,5.35,,,,,,,
97.8,0.6,4.89,0.75,6.08,54.2,0.21,-0.78,0.057,0.02739,-0.204,5.49,,,,,,,
98.0,0.55,5.09,0.7,6.29,54.13,0.2,-0.8,0.055,0.02634,-0.195,5.64,,,,,,,
98.3,0.51,5.3,0.66,6.49,54.29,0.19,-0.81,0.053,0.02535,-0.187,5.81,,,,,,,
98.5,0.47,5.51,0.62,6.7,54.38,0.18,-0.82,0.05,0.02434,-0.178,5.98,,,,,,,
98.8,0.43,5.72,0.58,6.92,54.41,0.16,-0.83,0.048,0.0233,-0.17,6.15,,,,,,,
99.0,0.4,5.94,0.55,7.13,54.7,0.15,-0.84,0.046,0.02238,-0.163,6.34,,,,,,,
99.3,0.37,6.15,0.51,7.35,54.57,0.14,-0.85,0.044,0.02128,-0.153,6.52,,,,,,,
99.5,0.34,6.37,0.48,7.57,54.74,0.13,-0.86,0.042,0.02033,-0.145,6.71,,,,,,,
99.8,0.31,6.59,0.45,7.79,54.84,0.12,-0.87,0.04,0.01936,-0.138,6.9,,,,,,,
100.0,0.29,6.82,0.43,8.01,55.27,0.12,-0.88,0.038,0.01857,-0.132,7.11,,,,,,,
100.3,0.27,7.04,0.4,8.24,55.24,0.11,-0.88,0.036,0.01758,-0.124,7.31,,,,,,,
100.5,0.24,7.27,0.37,8.46,55.14,0.1,-0.89,0.034,0.01657,-0.115,7.51,,,,,,,
100.8,0.22,7.5,0.35,8.69,55.41,0.09,-0.9,0.032,0.01577,-0.109,7.72,,,,,,,
101.0,0.21,7.73,0.33,8.91,55.62,0.09,-0.9,0.03,0.01497,-0.103,7.94,,,,,,,
101.3,0.19,7.96,0.31,9.14,55.78,0.08,-0.91,0.029,0.01417,-0.097,8.15,,,,,,,
101.5,0.17,8.19,0.29,9.37,55.89,0.08,-0.91,0.027,0.01337,-0.091,8.37,,,,,,,
101.8,0.16,8.42,0.27,9.6,55.93,0.07,-0.92,0.025,0.01256,-0.085,8.58,,,,,,,
102.0,0.14,8.65,0.25,9.84,55.9,0.06,-0.92,0.024,0.01175,-0.079,8.8,,,,,,,
102.3,0.13,8.89,0.24,10.07,56.37,0.06,-0.92,0.022,0.01122,-0.075,9.03,,,,,,,
102.5,0.12,9.13,0.22,10.31,56.22,0.05,-0.93,0.021,0.01041,-0.069,9.25,,,,,,,
102.8,0.11,9.36,0.21,10.54,56.6,0.05,-0.93,0.02,0.0099,-0.065,9.48,,,,,,,
103.0,0.1,9.6,0.2,10.78,56.96,0.05,-0.93,0.019,0.00939,-0.062,9.71,,,,,,,
103.3,0.1,9.84,0.19,11.02,57.27,0.04,-0.93,0.018,0.00889,-0.058,9.94,,,,,,,
103.5,0.09,10.08,0.18,11.26,57.55,0.04,-0.93,0.016,0.0084,-0.055,10.17,,,,,,,
103.8,0.08,10.32,0.17,11.5,57.79,0.04,-0.94,0.015,0.00791,-0.051,10.4,,,,,,,
104.0,0.08,10.55,0.16,11.74,57.98,0.04,-0.94,0.014,0.00743,-0.048,10.63,,,,,,,
104.3,0.07,10.79,0.15,11.98,58.13,0.03,-0.94,0.014,0.00696,-0.045,10.86,,,,,,,
104.5,0.06,11.04,0.14,12.22,58.23,0.03,-1.0,0.013,0.00649,-0.041,11.1,,,,,,,
104.8,0.06,11.29,0.13,12.47,58.27,0.03,-1.0,0.012,0.00603,-0.038,11.35,,,,,,,
105.0,0.06,11.54,0.13,12.71,59.15,0.03,-1.0,0.011,0.0059,-0.037,11.6,,,,,,,
105.3,0.05,11.79,0.12,12.95,59.12,0.02,-1.0,0.01,0.00545,-0.034,11.84,,,,,,,
105.5,0.05,12.04,0.11,13.2,59.02,0.02,-1.0,0.01,0.005,-0.031,12.09,,,,,,,
105.8,0.04,12.29,0.11,13.44,59.87,0.02,-1.0,0.009,0.0049,-0.031,12.33,,,,,,,
106.0,0.04,12.54,0.1,13.69,59.68,0.02,-1.0,0.008,0.00447,-0.027,12.58,,,,,,,
106.5,0.04,13.04,0.1,14.18,61.33,0.02,-1.0,0.008,0.00429,-0.027,13.08,,,,,,,
107.0,0.03,13.54,0.09,14.67,61.83,0.02,-1.0,0.007,0.0038,-0.024,13.57,,,,,,,
107.5,0.03,14.04,0.08,15.17,62.2,0.01,-1.0,0.006,0.00333,-0.02,14.07,,,,,,,
108.0,0.03,14.54,0.08,15.66,63.76,0.01,-1.0,0.006,0.00321,-0.02,14.57,,,,,,,
108.5,0.02,15.04,0.07,16.16,63.93,0.01,-1.0,0.005,0.00277,-0.017,15.06,,,,,,,
109.0,0.02,15.54,0.07,16.65,65.45,0.01,-1.0,0.005,0.00267,-0.017,15.56,,,,,,,
109.5,0.02,16.04,0.06,17.14,65.38,0.01,-1.0,0.004,0.00226,-0.014,16.06,,,,,,,
110.0,0.01,16.54,0.05,17.64,65.07,0.01,-1.0,0.003,0.00186,-0.011,16.55,,,,,,,
110.5,0.01,17.04,0.05,18.13,66.5,0.01,-1.0,0.003,0.0018,-0.011,17.05,,,,,,,
112.5,0.01,19.04,0.04,20.12,69.91,0.0,-1.0,0.002,0.00129,-0.008,19.05,,,,,,,
115.0,0.0,21.54,0.02,22.61,70.22,0.0,-1.0,0.001,0.00057,-0.003,21.54,,,,,,,
117.5,0.0,24.04,0.02,25.1,76.2,0.0,-1.0,0.001,0.0005,-0.003,24.04,,,,,,,
